amenity=fuel	petrol station,fuel,petrol,gas station,gas
amenity=cafe	cafe,coffee shop,coffee
amenity=restaurant	restaurant,food
amenity=fast_food	fast food,takeaway,food
amenity=pub	pub,hotel
amenity=bar	bar
amenity=hospital	hospital
amenity=clinic	clinic,medical centre,medical center
amenity=pharmacy	pharmacy,chemist
amenity=bank	bank
amenity=atm	atm
amenity=post_office	post office
amenity=police	police station,police
amenity=school	school
amenity=toilets	toilets,toilet
amenity=parking	parking,car park
amenity=charging_station	charging station,ev charging,charger
amenity=car_wash	car wash
amenity=motorcycle_parking	motorcycle parking
amenity=place_of_worship	church
amenity=marketplace	market
amenity=library	library
amenity=cinema	cinema,movie theatre,movie theater
tourism=hotel	hotel
tourism=motel	motel
tourism=hostel	hostel,backpackers
tourism=guest_house	guest house,bed and breakfast
tourism=camp_site	camp site,camping,campsite
tourism=caravan_site	caravan park,caravan site
tourism=attraction	attraction
tourism=museum	museum
tourism=zoo	zoo
tourism=viewpoint	viewpoint,lookout
tourism=information	information,tourist information
tourism=gallery	gallery
tourism=theme_park	theme park
shop=supermarket	supermarket,groceries
shop=convenience	convenience store,convenience
shop=bakery	bakery
shop=chemist	chemist,pharmacy
shop=motorcycle	motorcycle shop,motorcycle,motorbike
shop=mall	shopping centre,shopping center,mall
shop	shop
leisure=park	park
leisure=sports_centre	sports centre,sports center,gym
leisure=swimming_pool	swimming pool,pool
leisure=golf_course	golf course,golf
historic=memorial	memorial
historic=castle	castle
historic=fort	fort
natural=peak	peak,mountain,summit
natural=beach	beach
natural=water	water,lake
natural=volcano	volcano
railway=station	station,train station,railway station
aeroway=aerodrome	airport,aerodrome
highway=rest_area	rest area,rest stop
highway=services	services,service centre,service center
highway=bus_stop	bus stop,bus
highway=bus_bay	bus stop,bus
highway=platform	bus stop,bus,platform
highway=elevator	lift,elevator
amenity=college	college
amenity=university	university
